{
  "project_info": {
    "project_number": "268727250323",
    "project_id": "agro-23dc7",
    "storage_bucket": "agro-23dc7.appspot.com"
  },
  "client": [
    {
      "client_info": {
        "mobilesdk_app_id": "1:268727250323:android:98bd22671d5b3edf89cc66",
        "android_client_info": {
          "package_name": "com.example.agro"
        }
      },
      "oauth_client": [
        {
          "client_id": "268727250323-6agpq6lniqc8coaqfnt0e9eu05j010kk.apps.googleusercontent.com",
          "client_type": 3
        }
      ],
      "api_key": [
        {
          "current_key": "AIzaSyARCw19P3hRd_Fe9aV4m8EbpAzDmGFafas"
        }
      ],
      "services": {
        "appinvite_service": {
          "other_platform_oauth_client": [
            {
              "client_id": "268727250323-6agpq6lniqc8coaqfnt0e9eu05j010kk.apps.googleusercontent.com",
              "client_type": 3
            }
          ]
        }
      }
    }
  ],
  "configuration_version": "1"
}